regiao,uf,sigla,site,url_consulta_inscritos,tipo_consulta,permite_filtrar_pj,email_publico,telefone,instagram,observacoes
Conselho Federal,BR (nacional),COFECI,https://www.cofeci.gov.br,https://intranet.cofeci.gov.br/cnai/consultaCNAI.aspx (só avaliadores CNAI); não há busca nacional pública de todos os inscritos,busca por nome ou região (apenas CNAI/avaliadores),não (CNAI é só PF avaliador),desconhecido,desconhecido,desconhecido,"Não encontrei 'Cadastro Nacional de Corretores' público: o e-CNCI (Res. COFECI 1.430/2019) sincroniza os cadastros regionais mas a consulta é feita em cada CRECI. CNAI (Cadastro Nacional de Avaliadores Imobiliários) é consulta pública nacional por nome/região que exibe UF, cidade, foto e contato do avaliador (~52 mil avaliadores segundo release jul/2026). Portal CRECI Brasil (portalcreci.org.br) é portal de anúncios restrito a inscritos. Desde 21/07/2026 o COFECI convida corretores a criar 'perfil profissional' gratuito (especialidade, região, tipologia) – não há indício de diretório público. Terceiros NÃO oficiais: imobisec.com.br/busca (filtra por UF), github.com/19950512/buscacreci (API não oficial). cofeci.gov.br bloqueado no ambiente; tudo via snippets de busca."
1ª Região,RJ,CRECI-RJ,https://creci-rj.gov.br,https://servico.creci-rj.gov.br/spw/ConsultaCadastral/TelaConsultaPubCompleta.aspx ; alternativa https://www.crecirj.conselho.net.br/form_pesquisa_cadastro_geral_site.php,"busca por nome ou número (também CPF/CNPJ, cidade, bairro)",sim,não encontrado,(21) 3514-1800,não verificado,"Home lista 'Busca Corretores e Imobiliárias'. URL SPW vem do FAQ do site (snippet). Conselho.NET (I2BR Sistemas): form aceita nome, nome fantasia, CPF/CNPJ, nº CRECI, cidade e bairro; mostra só telefone comercial; quem tem endereço desatualizado não aparece na busca por cidade/bairro (texto do próprio form, via snippet). ALERTA: um resultado de busca exibiu o título 'consulta creci/rj - HOMETOGEL' para a página conselho.net.br (possível injeção de spam SEO) – preferir a URL do domínio oficial. CRECI-RJ citou >104 mil inscritos e 62.746 ativos (data não identificada)."
2ª Região,SP,CRECISP,https://www.crecisp.gov.br,https://www.crecisp.gov.br/cidadao/buscaporcorretores ; https://www.crecisp.gov.br/cidadao/buscarporimobiliaria ; https://www.crecisp.gov.br/cidadao/listadecorretoresporcidade?city=CIDADE&firstLetter=A,lista pública (corretores por cidade + letra inicial) + busca por nome/número/CPF/município,"sim (busca de imobiliária separada: nº, nome, UF, município)",não encontrado,(11) 3886-4900 (UNVERIFIED – diretório do CRECI-MA),@crecispoficial,"Único CRECI com página de LISTA navegável confirmada: 'Lista de Corretores por Cidade' com parâmetros city= e firstLetter= na URL (PF). Não confirmei lista equivalente de imobiliárias por cidade, mas a busca de PJ filtra por município. Busca PF tem filtros: nº CRECI, CPF, nome, zona de atuação, município, idiomas. Carta de Serviços indica que endereço residencial, foto e e-mail têm divulgação restrita (LGPD)."
3ª Região,RS,CRECI-RS,https://www.creci-rs.gov.br,https://www.creci-rs.gov.br/siteNovo/pesquisaInscrito.php,busca por nome ou número,sim (página 'Pesquisa de Corretores(as) e Imobiliárias Inscritas'),não encontrado,(51) 3103-9300 ; 0800 600 1588,não verificado,"Filtro por cidade não confirmado. Delegacias regionais em siteNovo/delegaciasDetalhes.php. TJRS publica lista própria de corretores credenciados para alienação judicial (dado pessoal, não coletado)."
4ª Região,MG,CRECI-MG,https://www.crecimg.gov.br,https://www.crecimg.gov.br/consulta-de-corretor-de-imoveis/,busca por nome (site diz permitir localizar corretores e imobiliárias 'em sua cidade'),sim,não encontrado,(31) 3271-6044,não verificado,"FAQ: campo 'Encontre um Corretor ou Imobiliária' no rodapé, busca pelo nome. Texto da página fala em encontrar corretor/imobiliária na sua cidade – possível busca por cidade (UNVERIFIED). Sede Rua dos Carijós 244, BH."
5ª Região,GO,CRECI-GO,https://crecigo.gov.br,https://crecigo.gov.br/busca-por-corretor-imobiliaria/,busca (campos não confirmados),sim (nome da página inclui imobiliária),não encontrado,(62) 3236-7350 (UNVERIFIED – diretório),não verificado,"Também publica lista de corretores avaliadores CNAI de Goiás: https://crecigo.gov.br/canal-do-cidadao/avaliadores-de-goias-cnai (lista pública, só avaliadores). Atendimento online em atendimento.crecigo.conselho.net.br (plataforma Conselho.NET)."
6ª Região,PR,CRECI-PR,https://www.crecipr.gov.br,https://www.crecipr.gov.br (menu 'pesquisa de credenciados'; URL direta não capturada),"busca por nome, cidade ou número",sim (refino por imobiliárias no topo da página),não encontrado,(41) 3262-5505,não verificado,"Resultado mostra nome, nº, cidade e telefone. Publica notícias 'Processos de inscrições aprovados' com nomes de novas PF/PJ (lista parcial, periódica). Busca por cidade = enumeração possível por município (UNVERIFIED se cidade sozinha basta)."
7ª Região,PE,CRECI-PE,https://creci-pe.gov.br,https://www.crecipe.conselho.net.br/form_pesquisa_cadastro_geral_site.php,"busca por nome ou número (também CPF/CNPJ, cidade, bairro)",sim,não encontrado,(81) 3180-4671,não verificado,"Conselho.NET (I2BR Sistemas): form aceita nome, nome fantasia, CPF/CNPJ, nº CRECI, cidade e bairro; mostra só telefone comercial; quem tem endereço desatualizado não aparece na busca por cidade/bairro (texto do próprio form, via snippet). Site tem item de menu 'Número de Inscritos' (conteúdo não verificado) e página 'Imobiliárias Contratam'."
8ª Região,DF,CRECI-DF,https://crecidf.gov.br,https://app.crecidf.gov.br/consultacorretor ; https://www.crecidf.conselho.net.br/form_pesquisa_cadastro_geral_site.php,"busca por nome ou número (inscrição, nome, CPF, CNPJ)",sim (CNPJ),não encontrado,(61) 3321-1010 ; (61) 99943-1990,não verificado,"Dois sistemas: app próprio e Conselho.NET. Conselho.NET (I2BR Sistemas): form aceita nome, nome fantasia, CPF/CNPJ, nº CRECI, cidade e bairro; mostra só telefone comercial; quem tem endereço desatualizado não aparece na busca por cidade/bairro (texto do próprio form, via snippet)."
9ª Região,BA,CRECI-BA,https://www.creciba.gov.br,https://www.creciba.conselho.net.br/form_pesquisa_cadastro_geral_site.php,"busca por nome ou número (também CPF/CNPJ, cidade, bairro)",sim,creciba@creciba.gov.br,(71) 3444-1450,não verificado,"Conselho.NET (I2BR Sistemas): form aceita nome, nome fantasia, CPF/CNPJ, nº CRECI, cidade e bairro; mostra só telefone comercial; quem tem endereço desatualizado não aparece na busca por cidade/bairro (texto do próprio form, via snippet). No site oficial só achei link para busca de avaliadores CNAI."
11ª Região,SC,CRECI-SC,https://www.creci-sc.gov.br,https://www.creci-sc.gov.br/p/departamento-secretaria/consulte-seu-corretor/1197/ ; https://www.crecisc.conselho.net.br/form_pesquisa_cadastro_geral_site.php,"busca por nome, nome fantasia, CPF/CNPJ, nº, cidade e bairro",sim,não encontrado,0800-941-2124 ; (48) 3203-9200,linktr.ee/crecisc (perfis oficiais),"Anúncio de dez/2020 confirma busca por cidade e até bairro, só ativos; resultado permite enviar e-mail ao profissional via sistema (sem expor o endereço). Nome exige duas partes. 3º maior CRECI em PF (52.856 em 2024)."
12ª Região,PA,CRECI-PA,https://creci-pa.gov.br,https://www.crecipa.conselho.net.br/form_pesquisa_cadastro_geral_site.php,"busca por nome ou número (também CPF/CNPJ, cidade, bairro)",sim,não encontrado,(91) 3122-9821,não verificado,"Conselho.NET (I2BR Sistemas): form aceita nome, nome fantasia, CPF/CNPJ, nº CRECI, cidade e bairro; mostra só telefone comercial; quem tem endereço desatualizado não aparece na busca por cidade/bairro (texto do próprio form, via snippet). Até 2023 cobria PA+AP; Amapá passou à 28ª Região (Res. COFECI 1.493/2023). Há um PDF antigo (2017) de credenciados do convênio Caixa com nome/nº/e-mail/telefone (dado pessoal; não coletado)."
13ª Região,ES,CRECI-ES,https://crecies.gov.br,https://www.crecies.gov.br/pesquisa-de-corretor-imobiliaria/ (também area-restrita.crecies.gov.br/pesquisa-de-corretor-imobiliaria),"busca por número (sufixo CF = PF, CJ = PJ)",sim (sufixo CJ),secretaria@crecies.gov.br,(27) 3314-0066,não verificado,"Resultado traz nome, endereço, telefone, e-mail e redes sociais do inscrito (conforme o próprio CRECI-ES). Busca por número não permite enumerar sem conhecer os números. Novas inscrições: 1.227 (2024), 1.541 (2025)."
14ª Região,MS,CRECI-MS,https://crecims.gov.br,https://www.crecims.conselho.net.br/form_pesquisa_cadastro_geral_site.php,"busca por nome ou número (também CPF/CNPJ, cidade, bairro)",sim,crecims@crecims.gov.br,(67) 3325-5557 ; ouvidoria 0800 649 6733,não verificado,"Menu 'Corretores de Imóveis > Consultar Corretores de Imóveis e Imobiliárias'. Conselho.NET (I2BR Sistemas): form aceita nome, nome fantasia, CPF/CNPJ, nº CRECI, cidade e bairro; mostra só telefone comercial; quem tem endereço desatualizado não aparece na busca por cidade/bairro (texto do próprio form, via snippet)."
15ª Região,CE,CRECI-CE,https://www.creci-ce.gov.br,https://www.crecice.conselho.net.br/form_pesquisa_cadastro_geral_site.php,"busca por nome ou número (também CPF/CNPJ, cidade, bairro)",sim,não encontrado,(85) 3231-6744 ; WhatsApp (85) 98869-0730,não verificado,"'Canal do Cidadão > Busca por Corretor'. Conselho.NET (I2BR Sistemas): form aceita nome, nome fantasia, CPF/CNPJ, nº CRECI, cidade e bairro; mostra só telefone comercial; quem tem endereço desatualizado não aparece na busca por cidade/bairro (texto do próprio form, via snippet). Organiza evento CRECICON (página creci-ce.gov.br/crecicon; data não verificada)."
16ª Região,SE,CRECI-SE,https://crecise.gov.br,https://crecise.gov.br (botão 'PESQUISAR CORRETOR INSCRITO'; URL direta não capturada),busca por nome ou número,desconhecido,creci@crecise.gov.br,(79) 2106-6800,X/Twitter @crecisergipe ; facebook.com/crecisergipe,Na inscrição o corretor escolhe se telefone/e-mail podem ser publicados no site (opt-in LGPD).
17ª Região,RN,CRECI-RN,https://crecirn.gov.br,https://crecirn.gov.br/busca-por-corretor/,busca por nome,desconhecido,fiscalizacao@crecirn.gov.br (geral antigo: creci@crecirn.org – UNVERIFIED),(84) 4008-0002 ; Mossoró (84) 3314-5653,não verificado,Menu 'Canal do Cidadão > Buscar inscritos'.
18ª Região,AM (historicamente AM+RR),CRECI-AM,https://portal.creci-am.gov.br,https://www.creciam.conselho.net.br/form_pesquisa_cadastro_geral_site.php,"busca por nome ou número (também CPF/CNPJ, cidade, bairro)",sim,creci@creci-am.gov.br ; delegaciarr@creci-am.gov.br,(92) 3308-3145 ; Boa Vista (95) 3623-0491,@creciam18,"Ainda se apresenta como 'CRECI AM/RR' e mantém delegacia em Boa Vista, mas o relatório COFECI 2024 lista Roraima separada (27ª). Jurisdição sobre RR: conflito entre fontes. Conselho.NET (I2BR Sistemas): form aceita nome, nome fantasia, CPF/CNPJ, nº CRECI, cidade e bairro; mostra só telefone comercial; quem tem endereço desatualizado não aparece na busca por cidade/bairro (texto do próprio form, via snippet)."
19ª Região,MT,CRECI-MT,https://crecimt.gov.br,https://www.crecimt.conselho.net.br/form_pesquisa_cadastro_geral_site.php,"busca por nome ou número (também CPF/CNPJ, cidade, bairro)",sim (menu 'Buscar Corretor/Imobiliária'),não encontrado (coofis1@crecimt.gov.br é só p/ defesas de autuação),(65) 3313-4800,não verificado,"Também via app CreciMT. Conselho.NET (I2BR Sistemas): form aceita nome, nome fantasia, CPF/CNPJ, nº CRECI, cidade e bairro; mostra só telefone comercial; quem tem endereço desatualizado não aparece na busca por cidade/bairro (texto do próprio form, via snippet)."
20ª Região,MA,CRECI-MA,https://www.crecima.gov.br,https://www.crecima.gov.br ('Canal do Cidadão > Busca por Corretor'; URL direta não capturada),busca por nome ou número,sim (FAQ menciona profissional ou empresa),crecima@creci-ma.org.br,(98) 3197-5174,não verificado,"Mantém página 'Regionais' (crecima.gov.br/regionais) com diretório dos 27 CRECIs (presidente, site, endereço, telefone) – fonte usada para telefones marcados 'diretório'."
21ª Região,PB,CRECI-PB,https://creci-pb.gov.br,"https://creci-pb.gov.br (menus 'Pesquisa de Corretores', 'Credenciados', 'Consulta Avaliadores'; URL direta não capturada)",busca por nome ou número,desconhecido,não encontrado,(83) 2107-0406,@crecipb,"Por LGPD, certidão de regularidade de terceiros só mediante requerimento. Evento anual 'Celebra Corretor' (~1.000 pessoas em ago/2026, João Pessoa)."
22ª Região,AL,CRECI-AL,https://creci-al.gov.br/portal/,https://creci-al.gov.br/portal/ (botão 'PESQUISAR CORRETOR/IMOBILIÁRIA'; URL direta não capturada),busca por nome ou número,sim,não encontrado,(82) 3305-3460 (UNVERIFIED – diretório) ; WhatsApp (82) 98112-6776,não verificado,
23ª Região,PI,CRECI-PI,http://www.creci-pi.org.br (UNVERIFIED – diretório),https://www.crecipi.conselho.net.br/form_pesquisa_cadastro_geral_site.php,"busca por nome ou número (também CPF/CNPJ, cidade, bairro)",sim,não encontrado,(86) 3221-4479 (UNVERIFIED – diretório),@crecipi,"Site oficial não apareceu em nenhuma busca; unidades em Teresina e Parnaíba. Conselho.NET (I2BR Sistemas): form aceita nome, nome fantasia, CPF/CNPJ, nº CRECI, cidade e bairro; mostra só telefone comercial; quem tem endereço desatualizado não aparece na busca por cidade/bairro (texto do próprio form, via snippet)."
24ª Região,RO,CRECI-RO,https://creciro.gov.br,https://creciro.gov.br (seção 'Consultar Corretores e Imobiliárias'; URL direta não capturada),busca (campos não confirmados),sim (nome da seção),secretaria@creciro.gov.br,WhatsApp secretaria (69) 3224-1008,não verificado,Atendimento online em atendimento.creciro.conselho.net.br (Conselho.NET) – a busca pública provavelmente segue o mesmo padrão (UNVERIFIED).
25ª Região,TO,CRECI-TO,https://crecito.gov.br,não encontrado,desconhecido,desconhecido,atendimento@crecito.gov.br,(63) 3216-1667 ; WhatsApp (63) 99969-1531,não verificado,Nenhuma página de consulta pública apareceu nas buscas.
26ª Região,AC,CRECI-AC,https://www.creciac.gov.br,https://www.creciac.gov.br/pesquisa-de-credenciados ; https://www.creciac.gov.br/entidades-imobiliarias,lista pública ('Entidades Imobiliárias': PF e PJ clicáveis) + busca,sim (lista PJ separada),creci26@gmail.com,(68) 3226-7403,não verificado (Facebook: Creci-Ac 26ª Região),Página 'Entidades Imobiliárias' mostra contadores 761 PF e 73 PJ com 'Clique e veja!' – lista navegável (data do contador desconhecida). Mercado minúsculo.
27ª Região,RR,CRECI-RR,https://crecirr.org.br,não encontrado (busca esgotada antes de verificar),desconhecido,desconhecido,creciroraima@gmail.com,(95) 3224-2766,não verificado (facebook.com/CRECIRR),Criação aprovada em 2000; aparece separada no relatório COFECI 2024. CRECI-AM ainda se diz AM/RR – conflito.
28ª Região,AP,CRECI-AP,https://creciap.org.br,não encontrado,desconhecido,desconhecido,creci.amapa@gmail.com,(96) 3223-8000,@creci.ap,"Instalado pela Res. COFECI 1.493/2023 (DOU 06/01/2023), desmembrado do CRECI-PA; descrito como a última regional criada. Endereço: Av. Mendonça Júnior 1921, Macapá."
