nome,organizador,data,cidade,uf,tipo,publico,url,observacoes
Saúde Suplementar e Regras da ANS (curso curto),ENS,2026-10-13 (7 semanas),Online,,curso,corretores e profissionais de seguros,https://revistaapolice.com.br/2026/10/ens-promove-formacoes-sobre-ia-saude-e-seguros-de-rc/,Inscrições até 09/10/2026. Fonte: imprensa (search index).
Inteligência Artificial para Corretores de Seguros (curso curto),ENS,"2026-10-26 (≈1 mês, 18h, 9 encontros)",Online,,curso,corretores de seguros,https://revistaapolice.com.br/2026/10/ens-promove-formacoes-sobre-ia-saude-e-seguros-de-rc/,Inscrições até 23/10/2026. Relevante para posicionamento de ferramenta de IA.
Seguros D&O e E&O – Novas Oportunidades de Negócios (curso curto),ENS,"2026-11-03 (4 semanas, 18h)",Online,,curso,corretores de seguros,https://revistaapolice.com.br/2026/10/ens-promove-formacoes-sobre-ia-saude-e-seguros-de-rc/,Inscrições até 30/10/2026.
"Sete cursos gratuitos ENS (LGPD, operação de corretoras, marketing digital etc.)",ENS,inscrições até 2026-12-31,Online,,curso,profissionais do mercado de seguros,https://cqcs.com.br/noticia/ens-oferece-sete-cursos-gratuitos-para-capacitacao-de-profissionais-do-mercado-de-seguros/,Autoinstrucional/online; datas exatas UNVERIFIED.
Confraternizações Dia do Corretor / Dia do Securitário,Sincor-RS,2026-10/2026-11,Pelotas; Uruguaiana; Osório; Novo Hamburgo,RS,evento,corretores associados (regional),https://www.segs.com.br/seguros/443701-sincor-rs-divulga-agenda-oficial-de-eventos-para-2026,Datas exatas por cidade UNVERIFIED.
Imersão com Parceiros de Negócios,Sincor-SP,2026-04/2026-11 (encontros nas regionais),Diversas regionais do estado de SP,SP,evento,corretores associados,https://sincor.org.br/sincor-sp-apresenta-calendario-de-eventos-2026/,Datas por regional UNVERIFIED; programação sujeita a alterações.
CQCS Inovação 2026,CQCS,2026-11-04/2026-11-05,São Paulo (Transamerica Expo Center),SP,evento,"corretores, seguradoras, insurtechs (nacional)",https://cqcs.com.br/noticia/corretores-associados-ao-sincor-sp-pagam-meia-no-cqcs-inovacao-2026/,Meia-entrada para associados de Sincors (código exclusivo). Melhor encaixe para ferramenta de IA.
"Fórum Seguros, Sinistros e Desastres",ENS,2026-11-10 08:30,São Paulo (Hotel Meliá Paulista),SP,evento,profissionais do mercado de seguros,https://www.ens.edu.br/eventos,Listado na página de eventos da ENS (via índice de busca).
Ciclo de Palestras 'Juntos a gente faz acontecer',Sincor-ES,2026-11-11,Vitória (sede do Sincor-ES),ES,evento,corretores associados,https://www.sincor-es.com.br/eventos,Evento pequeno/local.
Brasil Insurance & Insurtech Summit 2026,Insurtech Summit Brasil (organizador UNVERIFIED),2026-11-12,São Paulo (Hotel Nacional Inn Jaraguá),SP,evento,"seguradoras, insurtechs, corretores",https://visitesaopaulo.com/evento/brasil-insurance-insurtech-summit-2026/,UNVERIFIED: só visto em guia de eventos (visitesaopaulo.com); ver insurtechsummitbrasil.com.
UNISEG 2026,Sincor-PE,2026-11-17 14:00,Recife (Recife Expo Center),PE,evento,"corretores, seguradoras, entidades (N/NE e nacional)",https://cqcs.com.br/noticia/uniseg-2026-busca-conectar-oportunidades-e-prestigiar-os-corretores-de-todo-o-brasil-em-pernambuco/,Preço especial para associados de outros Sincors até 12/11.
84º Exame para Habilitação de Corretores de Seguros (EHCS),ENS,2026-11-30/2026-12-03,Online,,curso,candidatos a corretor (novos corretores),https://acontece.ens.edu.br/ultima-oportunidade-do-ano-para-se-tornar-corretor-2/,Inscrições até 11/11/2026 em ens.edu.br > Ser Corretor; 7 modalidades; taxa a partir de ~R$555 (edição anterior).
Sincor-SP Integra,Sincor-SP,2026-12 (data a definir),São Paulo (local a definir),SP,evento,corretores associados,https://sincor.org.br/sincor-sp-apresenta-calendario-de-eventos-2026/,Data/local UNVERIFIED.
Imersão Internacional ENS na Itália (2ª turma),ENS,2027-01-25/2027-01-29,Trieste; Florença; Roma (Itália),,curso,executivos e corretores,https://cqcs.com.br/noticia/ens-abre-inscricoes-para-nova-imersao-internacional-na-italia-com-foco-no-mercado-europeu-de-seguros/,Matrículas até 20/12/2026; visita técnica à Generali.
Curso para Habilitação de Corretores de Seguros (CHCS) – próxima turma,ENS,~2027-03 (UNVERIFIED),Online ao vivo,,curso,candidatos a corretor (novos corretores),https://acontece.ens.edu.br/aulas-para-formacao-de-corretores-iniciam-em-marco-de-2026/,9 meses; ensino médio + 18 anos; certificado permite registro na SUSEP. Data 2027 não publicada (padrão: turma de março).
"4º CONGRECOR – Congresso Regional Centro-Oeste, MG e ES dos Corretores de Seguros","Sincors DF, ES, GO, MT, MS e MG",2027-03-31/2027-04-02,Brasília (Royal Tulip Alvorada),DF,congresso,"~2.000 congressistas (corretores, seguradoras)",https://congrecor.com.br/,"Tema 'Do Algoritmo à Consciência' (IA, plataformas digitais). Inscrições abertas desde 21/08/2026."
Enconseg 2027,Sincor-RJ,~2027-05 (UNVERIFIED),Rio de Janeiro,RJ,evento,corretores do RJ,https://cqcs.com.br/noticia/enconseg-2026-e-lancado-e-promete-fortalecer-capacitacao-e-negocios-no-mercado-de-seguros-do-rj/,Edição 2026 foi em 11/05/2026; data 2027 não publicada.
Brasesul 2027 – Congresso Sul-Brasileiro dos Corretores de Seguros,Sincor-SC (anfitrião) com Sincor-PR e Sincor-RS,2027-05-20/2027-05-21,Joinville (Expoville),SC,congresso,"~3.500 profissionais (corretores, seguradoras)",https://revistaapolice.com.br/2026/05/brasesul-2027-acelera-preparativos-para-edicao-em-sc/,"Tema 'O Seguro em Transformação' (IA, inovação). Organização operacional: Tô Indo Viagens e Eventos."
Insurtech Brasil 2027,Insurtech Brasil,~2027-05 (UNVERIFIED),São Paulo,SP,evento,"seguradoras, insurtechs, canais de distribuição",https://revistaapolice.com.br/tag/insurtech-brasil/,Edição 2026 foi em 28/05/2026 (Expo Center Norte); data 2027 não publicada.
CONEC 2027 – Congresso dos Corretores de Seguros do Estado de São Paulo,Sincor-SP,2027-09-23/2027-09-25,São Paulo (Distrito Anhembi),SP,congresso,~10.000 participantes (maior congresso de corretores da América Latina),https://sincor.org.br/evento/conec-2027-maior-congresso-de-corretores-de-seguros-da-america-latina/,"Fora da janela de 9 meses, mas inscrições já abertas; decisões de patrocínio provavelmente no 1º semestre de 2027."
