nome,tipo,uf,cidade,data,site,contato_publico,observacoes
Secovi-SP (Sindicato da Habitação),entidade,SP,São Paulo,,https://www.secovi.com.br,não verificado,"Maior entidade patronal do setor (imobiliárias, administradoras, incorporadoras, condomínios). Tem vice-presidências de intermediação e locação e regionais no interior. Promove a Convenção Secovi (anual, normalmente ago/set) e o Prêmio Master Imobiliário (com a FIABCI-Brasil). secovi.com.br bloqueado no ambiente. UNVERIFIED (conhecimento prévio; busca esgotada e sites bloqueados neste ambiente)."
Secovi Rio,entidade,RJ,Rio de Janeiro,,https://www.secovirio.com.br (UNVERIFIED),não verificado,"Sindicato patronal de imobiliárias, administradoras e condomínios do RJ. UNVERIFIED (conhecimento prévio; busca esgotada e sites bloqueados neste ambiente)."
Secovi-MG,entidade,MG,Belo Horizonte,,https://www.secovimg.com.br (UNVERIFIED),não verificado,UNVERIFIED (conhecimento prévio; busca esgotada e sites bloqueados neste ambiente).
Secovi-PR,entidade,PR,Curitiba,,https://www.secovipr.com.br (UNVERIFIED),não verificado,UNVERIFIED (conhecimento prévio; busca esgotada e sites bloqueados neste ambiente).
Secovi-RS,entidade,RS,Porto Alegre,,https://www.secovirs.com.br (UNVERIFIED),não verificado,UNVERIFIED (conhecimento prévio; busca esgotada e sites bloqueados neste ambiente).
Secovi Florianópolis/Tubarão,entidade,SC,Florianópolis,,https://www.secovifloripa.com.br (UNVERIFIED),não verificado,"SC tem o 3º maior contingente de corretores (52,9 mil PF em 2024). UNVERIFIED (conhecimento prévio; busca esgotada e sites bloqueados neste ambiente)."
Secovi-GO,entidade,GO,Goiânia,,https://www.secovigo.com.br (UNVERIFIED),não verificado,UNVERIFIED (conhecimento prévio; busca esgotada e sites bloqueados neste ambiente).
Secovi-DF,entidade,DF,Brasília,,https://www.secovidf.com.br (UNVERIFIED),não verificado,UNVERIFIED (conhecimento prévio; busca esgotada e sites bloqueados neste ambiente).
Secovi-BA,entidade,BA,Salvador,,https://www.secovi-ba.com.br (UNVERIFIED),não verificado,UNVERIFIED (conhecimento prévio; busca esgotada e sites bloqueados neste ambiente).
Secovi-PE,entidade,PE,Recife,,https://www.secovi-pe.com.br (UNVERIFIED),não verificado,UNVERIFIED (conhecimento prévio; busca esgotada e sites bloqueados neste ambiente).
Secovi-CE,entidade,CE,Fortaleza,,não verificado,não verificado,UNVERIFIED (conhecimento prévio; busca esgotada e sites bloqueados neste ambiente).
SCIESP – Sindicato dos Corretores de Imóveis no Estado de São Paulo,entidade,SP,São Paulo,,não verificado,não verificado,"Em SP o sindicato dos corretores se chama SCIESP, não Sindimóveis. UNVERIFIED (conhecimento prévio; busca esgotada e sites bloqueados neste ambiente)."
Sindimóveis-RJ,entidade,RJ,Rio de Janeiro,,não verificado,não verificado,UNVERIFIED (conhecimento prévio; busca esgotada e sites bloqueados neste ambiente).
Sindimóveis-MG,entidade,MG,Belo Horizonte,,não verificado,não verificado,UNVERIFIED (conhecimento prévio; busca esgotada e sites bloqueados neste ambiente).
Sindimóveis-PR,entidade,PR,Curitiba,,não verificado,não verificado,UNVERIFIED (conhecimento prévio; busca esgotada e sites bloqueados neste ambiente).
Sindimóveis-RS,entidade,RS,Porto Alegre,,não verificado,não verificado,UNVERIFIED (conhecimento prévio; busca esgotada e sites bloqueados neste ambiente).
Sindimóveis-AM,entidade,AM,Manaus,,não verificado,não verificado,Existência confirmada por snippet (Fato Amazônico: o sindicato acusou o CRECI-AM de falta de transparência; matéria de cerca de 2015). Site não verificado.
FENACI – Federação Nacional dos Corretores de Imóveis,entidade,BR,Brasília (UNVERIFIED),,não verificado,não verificado,Federação dos sindicatos de corretores. Útil para chegar a todos os Sindimóveis de uma vez. UNVERIFIED (conhecimento prévio; busca esgotada e sites bloqueados neste ambiente).
ABADI – Associação Brasileira das Administradoras de Imóveis,entidade,RJ,Rio de Janeiro,,https://www.abadi.com.br (UNVERIFIED),não verificado,"Administradoras de locação e condomínio, com forte presença no RJ. UNVERIFIED (conhecimento prévio; busca esgotada e sites bloqueados neste ambiente)."
AABIC – Associação das Administradoras de Bens Imóveis e Condomínios de SP,entidade,SP,São Paulo,,https://www.aabic.com.br (UNVERIFIED),não verificado,UNVERIFIED (conhecimento prévio; busca esgotada e sites bloqueados neste ambiente).
ABMI,entidade,,,,não identificado,não identificado,Não consegui identificar com segurança a entidade da sigla 'ABMI' citada no briefing. Confirmar com quem pediu. UNVERIFIED.
ADEMI-RJ – Associação de Dirigentes de Empresas do Mercado Imobiliário,entidade,RJ,Rio de Janeiro,,https://ademi.org.br,não verificado,"Domínio confirmado por snippet (republicou matéria sobre o Brasil ser o 2º país em número de corretores). Reúne sobretudo incorporadoras. Existem ADEMIs em outros estados (BA, GO, PE, PR, ES...), não verificadas."
FIABCI-Brasil,entidade,SP,São Paulo,,não verificado,não verificado,Capítulo brasileiro da federação internacional. Corealiza o Prêmio Master Imobiliário com o Secovi-SP. UNVERIFIED (conhecimento prévio; busca esgotada e sites bloqueados neste ambiente).
Comissões/delegacias regionais dos CRECIs,entidade,todas,várias,,ver crecis.csv,ver crecis.csv,Cada CRECI tem delegacias e sub-regiões (ex.: CRECI-RS siteNovo/delegaciasDetalhes.php; CRECI-MA crecima.gov.br/regionais). O CRECI-ES tem 'Comissões de Desenvolvimento Imobiliário' com vagas para corretores. Canal institucional para parcerias de capacitação e convênios de benefícios. Ex.: em abr/2026 o CRECI-MA firmou convênio com a IMOBACK para dar acesso a ferramentas tecnológicas aos corretores [snippet crecima.gov.br].
Clubes de Benefícios dos CRECIs,entidade,várias,,,ex.: https://creci-rs.gov.br/ClubeDeBeneficios/ ; https://creci-pb.gov.br/clube_de_beneficios/,via CRECI,"Vários CRECIs (RS, PB, MS, RN, AM...) mantêm convênios com descontos para inscritos. Um convênio de software para corretores é o canal institucional de distribuição em massa mais direto. Existência confirmada por snippets dos domínios oficiais."
"Diretórios de anunciantes de portais (Imovelweb, ZAP/Viva Real, Chaves na Mão)",entidade,BR,,,ex.: https://www.imovelweb.com.br/corretores-sao-paulo.html,páginas públicas de anunciantes,"Portais listam corretores e imobiliárias anunciantes por cidade (o snippet do Imovelweb mostrou 1.176 corretores em SP e 195 no RJ). São dados comerciais publicados pelas próprias empresas, mas sujeitos à LGPD e aos termos de uso dos portais. Não coletados."
Conecta Imobi (Grupo OLX / DataZAP),evento,SP,São Paulo,"2025: edição confirmada (lançou a pesquisa COFECI+DataZAP). 2026/2027: UNVERIFIED (historicamente ago/set, fora da janela out/26–mid/27)",não verificado,não verificado,Apresentado como o maior evento do mercado imobiliário. Público de corretores e imobiliárias. Organizador e data de 2027 UNVERIFIED.
Convenção Secovi,evento,SP,São Paulo,UNVERIFIED – recorrente em ago/set (edição 2027 fora da janela),https://www.secovi.com.br,não verificado,UNVERIFIED (conhecimento prévio; busca esgotada e sites bloqueados neste ambiente).
CIMI 360,evento,SP,São Paulo,2025: edição confirmada (comitiva de 40 corretores do CRECI-TO). 2026/2027: UNVERIFIED,não verificado,não verificado,Existência confirmada por snippet de crecito.gov.br. Organizador não confirmado: parece ser congresso imobiliário ligado ao CRECISP (UNVERIFIED). Atrai comitivas de CRECIs de outros estados.
Summit Imobiliário Brasil (Estadão),evento,SP,São Paulo,UNVERIFIED – historicamente abr/mai (2027 dentro da janela),não verificado,não verificado,Público mais de incorporadoras e executivos. UNVERIFIED (conhecimento prévio; busca esgotada e sites bloqueados neste ambiente).
SIL – Salão Imobiliário de Portugal,evento,"(Lisboa, PT)",Lisboa,"29ª edição: 23–25/04/2026 (confirmado, CRECI-PB). 2027: UNVERIFIED (provavelmente abr/2027)",não verificado,via CRECI-PB / COFECI,Sistema COFECI-CRECI leva comitivas brasileiras ('Sistema Cofeci-Creci amplia fronteiras'). Relevante para a Parley porque junta corretores brasileiros num evento europeu.
Celebra Corretor (CRECI-PB),evento,PB,João Pessoa,"2026: confirmado (~1.000 participantes, 64 anos da regulamentação, ago/2026). Próximo: ago/2027 (fora da janela, UNVERIFIED)",https://creci-pb.gov.br,(83) 2107-0406,"Evento anual do Dia do Corretor (27/08). Quase todos os CRECIs fazem solenidades em agosto, fora da janela."
CRECICON (CRECI-CE),evento,CE,Fortaleza,UNVERIFIED,https://www.creci-ce.gov.br/crecicon/,(85) 3231-6744,A página do evento existe no domínio oficial (snippet). Data não verificada.
Saber Imobiliário (CRECI-BA),evento,BA,Salvador,5ª edição anunciada ('Vem aí o Saber Imobiliário V!'); data UNVERIFIED,https://www.creciba.gov.br/26834-2/,creciba@creciba.gov.br,Evento de capacitação do CRECI-BA (snippet do domínio oficial).
"'15 Minutos com o Presidente' (CRECI-MA, itinerante)",evento,MA,"várias (ex.: Santa Inês, São José de Ribamar)",2026 em andamento (jul/2026 em Santa Inês),https://www.crecima.gov.br,crecima@creci-ma.org.br,Encontros itinerantes do presidente do CRECI-MA com corretores no interior. O CRECI-MA também fez evento sobre leilão de imóveis da Caixa (fev/2026). Fonte: snippets do domínio oficial.
Solenidades de entrega de carteiras / posse de novos corretores (todos os CRECIs),evento,todas,capitais,contínuo (ex.: CRECI-DF empossou 126 novos corretores em abr/2026; CRECI-AL habilitou 193 em Maceió/Arapiraca),ver crecis.csv,ver crecis.csv,"Eventos mensais ou bimestrais com dezenas a centenas de corretores recém-inscritos, um público com alta propensão a adotar ferramentas. Acesso via parceria institucional com o CRECI."
Feirão Caixa da Casa Própria,evento,várias,capitais,UNVERIFIED (não confirmei edição 2026/2027),não verificado,não verificado,Historicamente reunia imobiliárias e construtoras credenciadas na Caixa. UNVERIFIED (conhecimento prévio; busca esgotada e sites bloqueados neste ambiente).
RD Summit (RD Station),evento,SC,Florianópolis,UNVERIFIED – historicamente nov,não verificado,não verificado,"Evento de marketing e vendas, não específico de imóveis. Há público de imobiliárias, mas não é foco. UNVERIFIED (conhecimento prévio; busca esgotada e sites bloqueados neste ambiente)."
