uf,entidade,sigla,site,email_publico,telefone,instagram,linkedin,presidente_atual,observacoes
AC,Sindicato dos Corretores de Seguros dos Estados de Rondônia e Acre (não confirmado),SINCOR-RO/AC,www.sincor-ro.com.br (não confirmado),sincorro@fenacor.org.br (não confirmado),(69) 3229-7129 (não confirmado),,,,"Acre não tem Sincor próprio identificado; é coberto pelo Sincor-RO/AC (sede em Porto Velho). Ver linha RO. Fonte contatos: diretório 'Sindicatos Filiados' da Fenacor (fenacor.org.br/Institucional/SindicatosFiliados?Estado=XX), visto apenas via índice de busca; diretório pode estar desatualizado."
AL,Sindicato dos Corretores de Seguros do Estado de Alagoas (não confirmado),SINCOR-AL,,,,,,Gustavo Henrique Olimpio da Silva (gestão 2022-2025; atual não localizado) (não confirmado),Nenhum contato institucional encontrado; ficha Fenacor ?Estado=AL não apareceu no índice. Participa do ConsegNNE (13 Sincors N/NE). Fonte presidente: CQCS/Revista Apólice jan-2022.
AP,Sindicato dos Corretores de Seguros do Estado do Amapá (não confirmado),SINCOR-AP,,,,,,,"Endereço no diretório Fenacor: Av. Pedro Baião, 111-B, Centro, Macapá-AP, CEP 68900-250 (não confirmado). Diretoria listada na ficha é de 2011/2014 (desatualizada). Fonte contatos: diretório 'Sindicatos Filiados' da Fenacor (fenacor.org.br/Institucional/SindicatosFiliados?Estado=XX), visto apenas via índice de busca; diretório pode estar desatualizado."
AM,"Sindicato dos Corretores e das Empresas Corretoras de Seguros, Capitalização, Previdência Privada e Promoção de Vendas de Planos de Saúde nos Estados do Amazonas e Roraima (não confirmado)",SINCOR-AM/RR,www.sincor-am.org.br (não confirmado),faleconosco@sincor-am.org.br (não confirmado),(92) 3233-5572; (92) 3633-6911 (não confirmado),,,,"Cobre AM e RR. Endereço: Rua 24 de Maio, 220, Ed. Rio Negro Center, 7º andar, sala 703, Centro, Manaus-AM, CEP 69010-080; atendimento seg-sex 8h-13h (não confirmado). Fonte contatos: diretório 'Sindicatos Filiados' da Fenacor (fenacor.org.br/Institucional/SindicatosFiliados?Estado=XX), visto apenas via índice de busca; diretório pode estar desatualizado."
BA,Sindicato dos Corretores e das Empresas Corretoras de Seguros ... no Estado da Bahia (nome completo truncado na fonte) (não confirmado),SINCOR-BA,www.sincorbahia.com.br (não confirmado),presidencia@sincorbahia.com.br (não confirmado),(71) 3241-4999; (71) 3241-1762; WhatsApp (71) 98208-3913 (não confirmado),,,Josimar Antunes Ribeiro (eleito para 2022-2024; atual não localizado) (não confirmado),"Endereço: Av. Estados Unidos, 397, Ed. Cidade do Salvador, 10º andar, sala 1001, Comércio, Salvador-BA, CEP 40010-020 (não confirmado). Fale conosco: www.sincorbahia.com.br/faleconosco. Sediou o 6º ConsegNNE (mar-2026, Salvador). Fonte contatos: diretório 'Sindicatos Filiados' da Fenacor (fenacor.org.br/Institucional/SindicatosFiliados?Estado=XX), visto apenas via índice de busca; diretório pode estar desatualizado."
CE,"Sindicato dos Corretores de Seguros, Capitalização e Previdência Privada e Empresas Corretoras no Estado do Ceará (não confirmado)",SINCOR-CE,www.sincorce.com.br (não confirmado),contato@sincorce.com.br (não confirmado),(85) 3226-1328; (85) 98188-2778 (não confirmado),,,Fernando Dantas (citado em mar-2023; atual não localizado) (não confirmado),"Endereços divergentes no diretório Fenacor: Av. Washington Soares, 1400, sala 104 (Juridical Center), Eng. Luciano Cavalcante, Fortaleza-CE, CEP 60810-350; versão antiga: Av. Perboyre Silva, 111, 6º andar, Centro. Sincor-CE voltou à Fenacor em mar-2023. Fonte contatos: diretório 'Sindicatos Filiados' da Fenacor (fenacor.org.br/Institucional/SindicatosFiliados?Estado=XX), visto apenas via índice de busca; diretório pode estar desatualizado."
DF,Sindicato dos Corretores de Seguros do Distrito Federal (não confirmado),SINCOR-DF,www.sincordf.org.br (não confirmado),sincordf@sincordf.org.br (não confirmado),(61) 3323-4516 (não confirmado),,,Jackson Prata (reeleito nov-2025) (não confirmado),"Endereço: SCS Qd. 01, Bloco D, Ed. JK, 5º andar, salas 51-54, Brasília-DF, CEP 70306-900; seg-sex 8h30-17h30 (não confirmado). Co-organiza o 4º Congrecor (Brasília, 31/03-02/04/2027). Presidente: CQCS/Revista Apólice 03-nov-2025 (fonte Fenacor). Fonte contatos: diretório 'Sindicatos Filiados' da Fenacor (fenacor.org.br/Institucional/SindicatosFiliados?Estado=XX), visto apenas via índice de busca; diretório pode estar desatualizado."
ES,Sindicato dos Corretores de Seguros do Estado do Espírito Santo (não confirmado),SINCOR-ES,www.sincor-es.com.br (não confirmado),sincor-es@sincor-es.com.br (não confirmado),(27) 3020-5900; (27) 99964-1993 (não confirmado),@sincorespiritosanto (não confirmado),linkedin.com/company/sincores (não confirmado),,"Endereço (informativos do próprio Sincor-ES, 2023): Av. Mal. Mascarenhas de Moraes, 1717, Monte Belo, Vitória-ES (não confirmado). Telefones, Instagram, LinkedIn e Facebook (facebook.com/sincores) vêm de PDFs de informativos no domínio sincor-es.com.br vistos via índice de busca (informativo jun-2026 existe). E-mail via diretório Fenacor. Página de eventos: sincor-es.com.br/eventos. Presidente 2026 não localizado (José Romulo da Silva citado em artigo sem data)."
GO,Sindicato dos Corretores de Seguros do Estado de Goiás (não confirmado),SINCOR-GO,www.sincorgo.com (não confirmado),,"(62) 3945-0808 (linha de evento, 2016) (não confirmado)",,,"Vinícius de Araújo Porto (reeleito; gestão 2026-2029, posse 31/03/2026) (não confirmado)","Endereço: Rua C-145, 1036, Jardim América, Goiânia-GO (artigo ~2019, não confirmado). Site sincorgo.com aparece com posts de 2026 do próprio Sincor-GO nos resultados de busca. Presidente também é VP administrativo da Fenacor. Co-organiza o 4º Congrecor. Fonte presidente: CQCS 02-abr-2026, Revista Apólice, sincorgo.com."
MA,Sindicato dos Corretores de Seguros do Estado do Maranhão (não confirmado),SINCOR-MA,www.sincor-ma.com.br (não confirmado),sincorma@elo.com.br; sindicatodoscorretores@tvn.com.br (não confirmado),(98) 3227-1063; (98) 3235-7532 (não confirmado),,,,"Endereço: Av. Colares Moreira, 444, 1º andar, salas 109/111, Ed. Monumental, Renascença, São Luís-MA, CEP 65075-441 (não confirmado). Ficha cita linha DPVAT, indício de desatualização. Fonte contatos: diretório 'Sindicatos Filiados' da Fenacor (fenacor.org.br/Institucional/SindicatosFiliados?Estado=XX), visto apenas via índice de busca; diretório pode estar desatualizado."
MT,Sindicato dos Corretores de Seguros do Estado de Mato Grosso (não confirmado),SINCOR-MT,,,,,,José Cristóvão Martins (último citado; data incerta) (não confirmado),Nenhum contato institucional encontrado (ficha Fenacor ?Estado=MT não apareceu no índice). Sede em Cuiabá (não confirmado). Co-organiza o 4º Congrecor.
MS,Sindicato dos Corretores de Seguros do Estado de Mato Grosso do Sul (não confirmado),SINCOR-MS,,,,,,,Nenhum contato institucional encontrado. Sede em Campo Grande (não confirmado); evento 'Corretor Unido é +Seguro' 2025 em Campo Grande. Co-organiza o 4º Congrecor. Presidente atual não localizado (Pedro Bonacina citado em 2012).
MG,Sindicato dos Corretores de Seguros do Estado de Minas Gerais (não confirmado),SINCOR-MG,www.sincormg.com.br (não confirmado),presidencia@sincormg.com.br (não confirmado),,,,Gustavo Bentes (desde jan-2022; citado como presidente em jul-2026) (não confirmado),"Endereço: Rua Curitiba, 545, 8º andar, Ed. Lavalle, Centro, Belo Horizonte-MG, CEP 30170-908 (não confirmado). Mantém o veículo 'Sincor-MG News' e o projeto 'Corretor na Real' (corretornareal.com.br). Fonte presidente: Revista Apólice 06-jul-2026 (58 anos). Co-organiza o 4º Congrecor. Fonte contatos: diretório 'Sindicatos Filiados' da Fenacor (fenacor.org.br/Institucional/SindicatosFiliados?Estado=XX), visto apenas via índice de busca; diretório pode estar desatualizado."
PA,Sindicato dos Corretores de Seguros do Estado do Pará (não confirmado),SINCOR-PA,www.sincorpa.com.br (não confirmado),sincorpa@fenacor.org.br (não confirmado),(91) 2121-8569; WhatsApp (91) 98152-1001 (não confirmado),,,,"Endereço: Trav. Barão do Triunfo, 3540, sala 1411, Marco, Belém-PA, CEP 66095-055 (não confirmado). Fonte contatos: diretório 'Sindicatos Filiados' da Fenacor (fenacor.org.br/Institucional/SindicatosFiliados?Estado=XX), visto apenas via índice de busca; diretório pode estar desatualizado."
PB,Sindicato dos Corretores de Seguros do Estado da Paraíba (não confirmado),SINCOR-PB,www.sincorpb.org.br (não confirmado),sincorpb@gmail.com; sincorpb@fenacor.org.br (não confirmado),(83) 3221-1844 (não confirmado),,,,"Endereço: Rua Quintino Bocaiúva, 358, Torre, João Pessoa-PB, CEP 58040-320; seg-sex 8h-11h30 e 14h-17h30 (não confirmado). Fonte contatos: diretório 'Sindicatos Filiados' da Fenacor (fenacor.org.br/Institucional/SindicatosFiliados?Estado=XX), visto apenas via índice de busca; diretório pode estar desatualizado."
PR,Sindicato dos Corretores de Seguros no Estado do Paraná (não confirmado),SINCOR-PR,www.sincor-pr.org.br (não confirmado),sincor-pr@sincor-pr.org.br; secretaria@sincor-pr.org.br (não confirmado),(41) 3213-9999; WhatsApp (41) 99830-3737 (não confirmado),,,"José Antonio de Castro (eleito set-2025; gestão 2026-2029, posse fev-2026) (não confirmado)","Endereço: Rua Dr. Reynaldo Machado, 1.309, Prado Velho, Curitiba-PR, CEP 80215-010 (não confirmado). Domínio sincor-pr.org.br aparece ativo nos resultados (páginas de eventos e guias). Co-organiza Brasesul. Fonte presidente: CQCS 25-set-2025, Revista Cobertura, Fenacor. Fonte contatos: diretório 'Sindicatos Filiados' da Fenacor (fenacor.org.br/Institucional/SindicatosFiliados?Estado=XX), visto apenas via índice de busca; diretório pode estar desatualizado."
PE,"Sindicato dos Corretores de Seguros, dos Corretores de Resseguros, das Empresas Corretoras de Seguros, das Empresas Corretoras de Resseguros de Todos os Ramos, de Vida, de Capitalização e de Previdência Privada no Estado de Pernambuco (não confirmado)",SINCOR-PE,www.sincorpe.org.br (não confirmado),sincorpe@sincorpe.org.br (não confirmado),(81) 3241-3882; (81) 3427-3488; (81) 99217-0502 (não confirmado),@sincorpe (não confirmado),,,"Endereço: Av. João de Barros, 1527, sala 305, Ed. Empresarial Phoenix, Espinheiro, Recife-PE, CEP 52021-180; seg-sex 8h-14h (não confirmado). Organiza o UNISEG 2026 (17/11/2026, Recife Expo Center). Fonte contatos: diretório 'Sindicatos Filiados' da Fenacor (fenacor.org.br/Institucional/SindicatosFiliados?Estado=XX), visto apenas via índice de busca; diretório pode estar desatualizado."
PI,Sindicato dos Corretores de Seguros do Estado do Piauí (não confirmado),SINCOR-PI,www.sincorpi.com.br (não confirmado),sincorpi@fenacor.org.br (não confirmado),(86) 3233-5055 (não confirmado),,,,"Endereço: Rua Jornalista Helder Feitosa, 1.250, Ininga, Teresina-PI, CEP 64049-753 (não confirmado). Fonte contatos: diretório 'Sindicatos Filiados' da Fenacor (fenacor.org.br/Institucional/SindicatosFiliados?Estado=XX), visto apenas via índice de busca; diretório pode estar desatualizado."
RJ,"Sindicato dos Corretores de Seguros, Empresas Corretoras de Seguros, Saúde, Vida, Capitalização e Previdência Privada no Estado do Rio de Janeiro (nome completo não confirmado) (não confirmado)",SINCOR-RJ,www.sincor-rj.org.br (não confirmado),,(21) 3505-5900 (citado em 2018) (não confirmado),,br.linkedin.com/in/sincorrj (não confirmado),Ricardo Faria Garrido (eleito jan-2026; gestão 2026-2029) (não confirmado),"Sede: Rua dos Mercadores, 10, Centro, Rio de Janeiro (aviso de eleição jan-2026; não confirmado). Domínio sincor-rj.org.br aparece ativo nos resultados (/o-sincor, /associacao). VP: Nilo Ferreira da Rocha Filho. Organiza o Enconseg (edição 2026 em 11/05/2026). Fonte presidente: CQCS 28-jan-2026, Revista Apólice."
RN,"Sindicato dos Corretores de Seguros, de Capitalização e Previdência Privada do Estado do Rio Grande do Norte (não confirmado)",SINCOR-RN,www.sincor-rn.com.br (não confirmado),sincorrn@sincor-rn.com.br (não confirmado),(84) 3206-3366 (não confirmado),,,,"Endereço: Av. Amintas Barros, 2.756, Lagoa Nova, Natal-RN, CEP 59062-255 (não confirmado). Fundado/em funcionamento desde 1989. Fonte contatos: diretório 'Sindicatos Filiados' da Fenacor (fenacor.org.br/Institucional/SindicatosFiliados?Estado=XX), visto apenas via índice de busca; diretório pode estar desatualizado."
RS,"Sindicato dos Corretores de Seguros, Resseguros, Saúde, Capitalização e Previdência Privada no Estado do Rio Grande do Sul (nome completo não confirmado) (não confirmado)",SINCOR-RS,www.sincorrs.com (não confirmado),sincorrs@sincor-rs.org.br (não confirmado),(51) 3225-7726 (não confirmado),,,André Thozeski (eleito para 2022-2025; presidente 2026 não localizado) (não confirmado),"Endereço: Praça Oswaldo Cruz, 15, sala 1714, Centro, Porto Alegre-RS, CEP 90030-160 (não confirmado). Presente em 11 regiões do estado (delegacias em Passo Fundo, Pelotas, Santa Maria, Santa Cruz do Sul etc.). Co-organiza Brasesul. Fonte contatos: diretório 'Sindicatos Filiados' da Fenacor (fenacor.org.br/Institucional/SindicatosFiliados?Estado=XX), visto apenas via índice de busca; diretório pode estar desatualizado."
RO,Sindicato dos Corretores de Seguros dos Estados de Rondônia e Acre (não confirmado),SINCOR-RO/AC,www.sincor-ro.com.br (não confirmado),sincorro@fenacor.org.br (não confirmado),(69) 3229-7129 (não confirmado),,,,"Endereço: Rua Hebert de Azevedo, 1313, Olaria, Porto Velho-RO, CEP 76801-267 (não confirmado). Cobre RO e AC. Último presidente localizado: Geraldo Cavalcante Ramos (2010-2013) – desatualizado. Fonte contatos: diretório 'Sindicatos Filiados' da Fenacor (fenacor.org.br/Institucional/SindicatosFiliados?Estado=XX), visto apenas via índice de busca; diretório pode estar desatualizado."
RR,Sindicato dos Corretores e das Empresas Corretoras de Seguros ... nos Estados do Amazonas e Roraima (não confirmado),SINCOR-AM/RR,www.sincor-am.org.br (não confirmado),faleconosco@sincor-am.org.br (não confirmado),(92) 3233-5572 (não confirmado),,,,Roraima não tem Sincor próprio identificado; é coberto pelo Sincor-AM/RR (sede em Manaus). Ver linha AM.
SC,Sindicato dos Corretores de Seguros do Estado de Santa Catarina (não confirmado),SINCOR-SC (SincorSC),,,,,,Auri Bertelli (posse 26/03/2026; gestão 2026-2029) (não confirmado),"Endereço no diretório Fenacor: Rua Dr. Luiz de Freitas Melro, 395, sala 903, Centro, Blumenau-SC, CEP 89010-921 (não confirmado); CNPJ 82.666.165/0001-61 com sede em Blumenau (Econodata). Posse no Teatro Carlos Gomes, Blumenau. Anfitrião do Brasesul 2027 (Joinville, 20-21/05/2027). Fonte presidente: Revista Apólice/Revista Cobertura mar-2026. Site oficial não localizado."
SP,"Sindicato dos Corretores de Seguros, Empresas Corretoras de Seguros, Resseguros, Saúde, Vida, Capitalização e Previdência Privada no Estado de São Paulo (não confirmado)",SINCOR-SP,www.sincor.org.br (não confirmado),sincorsp@sincorsp.org.br (não confirmado),(11) 3188-5000; Disk Sincor 0800 114 999 (não confirmado),,,Boris Ber (reeleito por aclamação em 13/11/2025; gestão 2026-2029) (não confirmado),"Endereço: Rua Líbero Badaró, 293, conj. 29 A/B/C, Centro, São Paulo-SP, CEP 01009-907; seg-sex 8h30-17h30 (não confirmado). Site atual sincor.org.br aparece ativo nos resultados (/diretoria, /evento/conec-2027...); diretório Fenacor lista www.sincorsp.org.br. 1ª VP Simone Fávaro; 2º VP Braz Romildo Fernandes. ~30 regionais no estado. Organiza o CONEC (próximo: 23-25/09/2027, Distrito Anhembi). Boris Ber também é VP Regional Sudeste da Fenacor."
SE,"Sindicato dos Corretores de Seguros, Capitalização e Previdência Privada no Estado de Sergipe (não confirmado)",SINCOR-SE,www.sincor-se.com.br (não confirmado),sincor-se@sincor-se.com.br (não confirmado),(79) 3211-1588; (79) 3214-3645 (não confirmado),,,,"Endereço: Rua João Pessoa, 320, 6º andar, salas 601-603, Aracaju-SE, CEP 49019-900 (não confirmado). Diretoria na ficha: 2022/2025. Fonte contatos: diretório 'Sindicatos Filiados' da Fenacor (fenacor.org.br/Institucional/SindicatosFiliados?Estado=XX), visto apenas via índice de busca; diretório pode estar desatualizado."
TO,"Sindicato dos Corretores de Seguros, de Capitalização e de Previdência Privada no Estado de Tocantins (não confirmado)",SINCOR-TO,www.sincorto.com.br (não confirmado),sincorto@uol.com.br (não confirmado),(63) 3215-4011 (não confirmado),,,,"Endereço: Quadra 106 Norte, Alameda 1, Lote 38, Centro, Palmas-TO, CEP 77006-052 (não confirmado). Diretoria na ficha: 2018/2022 (desatualizada). Fonte contatos: diretório 'Sindicatos Filiados' da Fenacor (fenacor.org.br/Institucional/SindicatosFiliados?Estado=XX), visto apenas via índice de busca; diretório pode estar desatualizado."
BR,"Federação Nacional dos Corretores de Seguros Privados e de Resseguros, de Capitalização, de Previdência Privada, das Empresas Corretoras de Seguros e de Resseguros (não confirmado)",FENACOR,www.fenacor.org.br (não confirmado),,(21) 3077-4777 (não confirmado),,,Armando Vergilio dos Santos Júnior (reeleito por unanimidade em 2026; mandato até 31/05/2030) (não confirmado),"Sede: Rua Senador Dantas, 74, 10º andar, Centro, Rio de Janeiro-RJ, CEP 20031-205 (não confirmado). Fundada em 25/10/1968. Representa 24 sindicatos estaduais + DF (22 sindicatos votantes na eleição de 2026). 1º VP Lucas de Castro Santos; 2º VP Manuel Dantas Matos. Mantém a ENS junto com a CNseg; organiza o Congresso Brasileiro dos Corretores de Seguros (24º: 27-29/08/2026, Rio). App Fenacor lista contatos dos Sincors. Nome oficial completo não confirmado. FEDERAÇÕES REGIONAIS: nenhuma federação regional de corretores identificada; a coordenação regional ocorre via vice-presidências regionais da Fenacor e congressos conjuntos de Sincors (Brasesul: SC/PR/RS; Congrecor: DF/ES/GO/MT/MS/MG; ConsegNNE: 13 Sincors N/NE; CongreNorte)."
